congress,chamber,icpsr,state_icpsr,district_code,state_abbrev,party_code,occupancy,last_means,bioname,bioguide_id,born,died,nominate_dim1,nominate_dim2,nominate_log_likelihood,nominate_geo_mean_probability,nominate_number_of_votes,nominate_number_of_errors,conditional,nokken_poole_dim1,nokken_poole_dim2
117,President,99913,99,0,USA,100,0,0,"BIDEN, Joseph Robinette, Jr.",B000444,1942.0,,,,,,,,,,
117,House,20301,41,3,AL,200,,,"ROGERS, Mike Dennis",R000575,1958.0,,0.357,0.46,-11.50924,0.90781,119,4,,0.507,0.16
117,House,21102,41,7,AL,100,,,"SEWELL, Terri",S001185,1965.0,,-0.392,0.401,-3.24655,0.9724,116,2,,-0.552,-0.237
117,House,21193,41,5,AL,200,,,"BROOKS, Mo",B001274,1954.0,,0.65,-0.439,-12.82295,0.89449,115,6,,0.728,-0.321
117,House,21500,41,6,AL,200,,,"PALMER, Gary James",P000609,1954.0,,0.703,-0.019,-10.0556,0.91897,119,6,,0.6,0.146
117,House,22108,41,1,AL,200,,,"CARL, Jerry L.",C001054,1958.0,,0.538,0.407,-7.52437,0.93873,119,3,,0.585,0.358
117,House,22140,41,2,AL,200,,,"MOORE, Barry",M001212,1966.0,,0.683,-0.053,-10.43998,0.91601,119,6,,0.682,-0.055
117,House,29701,41,4,AL,200,,,"ADERHOLT, Robert",A000055,1965.0,,0.371,0.587,-19.64661,0.84542,117,5,,0.635,0.228
117,House,14066,81,1,AK,200,,,"YOUNG, Donald Edwin",Y000033,1933.0,,0.284,0.021,-19.61644,0.81344,95,7,,0.359,-0.303
117,House,20305,61,3,AZ,100,,,"GRIJALVA, Raúl M.",G000551,1948.0,,-0.599,-0.255,-0.70255,0.99411,119,0,,-0.552,-0.235
117,House,20902,61,2,AZ,100,,,"KIRKPATRICK, Ann",K000368,1950.0,,-0.165,-0.007,-6.20774,0.94917,119,3,,-0.552,-0.235
117,House,21103,61,4,AZ,200,,,"GOSAR, Paul",G000565,1958.0,,0.679,-0.422,-11.61866,0.9039,115,6,,0.704,-0.411
117,House,21105,61,6,AZ,200,,,"SCHWEIKERT, David",S001183,1962.0,,0.586,-0.314,-14.32672,0.88657,119,8,,0.514,0.154
117,House,21502,61,7,AZ,100,,,"GALLEGO, Ruben",G000574,1979.0,,-0.449,-0.013,-0.6254,0.99462,116,0,,-0.456,-0.25
117,House,21705,61,5,AZ,200,,,"BIGGS, Andrew S.",B001302,1958.0,,0.883,-0.469,-9.82205,0.92078,119,5,,0.793,-0.609
117,House,21739,61,1,AZ,100,,,"O'HALLERAN, Thomas C.",O000171,1946.0,,-0.19,0.149,-2.26801,0.98096,118,1,,-0.3,0.098
117,House,21757,61,8,AZ,200,,,"LESKO, Debbie",L000589,1958.0,,0.6,-0.027,-14.08276,0.8875,118,5,,0.574,-0.108
117,House,21968,61,9,AZ,100,,,"STANTON, Greg",S001211,1970.0,,-0.313,-0.051,-1.27715,0.98933,119,0,,-0.29,-0.247
117,House,21106,42,1,AR,200,,,"CRAWFORD, Rick",C001087,1966.0,,0.418,0.496,-12.78715,0.8973,118,5,,0.638,0.591
117,House,21108,42,3,AR,200,,,"WOMACK, Steve",W000809,1957.0,,0.356,0.579,-7.52202,0.93875,119,4,,0.332,0.48
117,House,21503,42,2,AR,200,,,"HILL, French",H001072,1956.0,,0.451,0.231,-6.48364,0.94654,118,4,,0.444,0.18
117,House,21563,42,4,AR,200,,,"WESTERMAN, Bruce Eugene",W000821,1967.0,,0.549,0.308,-9.98683,0.91751,116,4,,0.477,0.055
117,House,15448,71,12,CA,100,,,"PELOSI, Nancy",P000197,1940.0,,-0.49,-0.206,-0.00265,0.99988,22,0,,-0.477,-0.043
117,House,20104,71,28,CA,100,,,"SCHIFF, Adam",S001150,1960.0,,-0.349,-0.129,-1.5652,0.98693,119,1,,-0.552,-0.235
117,House,20107,71,50,CA,200,,,"ISSA, Darrell",I000056,1953.0,,0.504,-0.081,-12.99004,0.89659,119,4,,0.311,0.766
117,House,20307,71,22,CA,200,,,"NUNES, Devin",N000181,1973.0,,0.45,0.216,-7.76638,0.93301,112,4,,0.431,0.902
117,House,20310,71,38,CA,100,,,"SÁNCHEZ, Linda T.",S001156,1969.0,,-0.508,-0.136,-1.82486,0.98465,118,1,,-0.612,0.239
117,House,20501,71,16,CA,100,,,"COSTA, Jim",C001059,1952.0,,-0.192,0.463,-3.1069,0.97311,114,1,,-0.28,0.188
117,House,20538,71,6,CA,100,,,"MATSUI, Doris",M001163,1944.0,,-0.434,-0.161,-1.85125,0.98361,112,1,,-0.648,0.29
117,House,20702,71,9,CA,100,,,"McNERNEY, Jerry",M001166,1951.0,,-0.262,-0.152,-2.61183,0.97829,119,2,,-0.612,0.239
117,House,20703,71,23,CA,200,,,"MCCARTHY, Kevin",M001165,1965.0,,0.458,0.217,-3.948,0.9671,118,0,,0.448,0.664
117,House,20762,71,14,CA,100,,,"SPEIER, Karen Lorraine Jacqueline (Jackie)",S001175,1950.0,,-0.38,-0.44,-1.85107,0.98417,116,1,,-0.289,-0.25
117,House,20903,71,4,CA,200,,,"McCLINTOCK, Tom",M001177,1956.0,,0.717,-0.472,-18.86688,0.85107,117,9,,0.67,-0.419
117,House,20955,71,27,CA,100,,,"CHU, Judy",C001080,1953.0,,-0.487,-0.377,-0.70509,0.99399,117,0,,-0.552,-0.236
117,House,20958,71,3,CA,100,,,"GARAMENDI, John",G000559,1945.0,,-0.309,-0.091,-3.09325,0.97434,119,2,,-0.262,0.286
117,House,21110,71,37,CA,100,,,"BASS, Karen",B001270,1953.0,,-0.585,-0.106,-0.69605,0.99407,117,0,,-0.552,-0.236
117,House,21302,71,1,CA,200,,,"LaMALFA, Doug",L000578,1960.0,,0.531,0.092,-8.87103,0.92385,112,3,,0.494,0.869
117,House,21303,71,2,CA,100,,,"HUFFMAN, Jared",H001068,1964.0,,-0.427,-0.543,-2.92294,0.97533,117,1,,-0.612,0.239
117,House,21304,71,7,CA,100,,,"BERA, Ami",B001287,1965.0,,-0.233,0.015,-1.38258,0.98845,119,0,,-0.3,0.098
117,House,21306,71,15,CA,100,,,"SWALWELL, Eric",S001193,1980.0,,-0.368,-0.105,-1.27033,0.9892,117,0,,-0.289,-0.25
117,House,21307,71,21,CA,200,,,"VALADAO, David G.",V000129,1977.0,,0.254,0.416,-11.18252,0.9025,109,6,,0.262,0.524
117,House,21308,71,26,CA,100,,,"BROWNLEY, Julia",B001285,1952.0,,-0.286,0.051,-1.53965,0.9867,115,1,,-0.29,-0.248
117,House,21309,71,29,CA,100,,,"CÁRDENAS, Tony",C001097,1963.0,,-0.383,0.02,-1.97472,0.98326,117,2,,-0.612,0.24
117,House,21311,71,36,CA,100,,,"RUIZ, Raul",R000599,1972.0,,-0.243,0.06,-1.90247,0.98414,119,1,,-0.29,-0.247
117,House,21312,71,41,CA,100,,,"TAKANO, Mark",T000472,1960.0,,-0.463,-0.262,-0.7465,0.99353,115,0,,-0.552,-0.236
117,House,21313,71,47,CA,100,,,"LOWENTHAL, Alan",L000579,1941.0,,-0.451,-0.371,-0.73145,0.99387,119,0,,-0.552,-0.235
117,House,21314,71,51,CA,100,,,"VARGAS, Juan",V000130,1961.0,,-0.401,0.097,-1.83684,0.98442,117,1,,-0.552,-0.235
117,House,21315,71,52,CA,100,,,"PETERS, Scott",P000608,1958.0,,-0.181,-0.04,-4.89659,0.95935,118,2,,-0.294,0.571
117,House,21504,71,11,CA,100,,,"DESAULNIER, Mark James",D000623,1952.0,,-0.529,-0.371,-0.69673,0.99401,116,0,,-0.558,-0.228
117,House,21506,71,31,CA,100,,,"AGUILAR, Peter Rey",A000371,1979.0,,-0.292,0.136,-1.25589,0.9895,119,0,,-0.3,0.098
117,House,21507,71,33,CA,100,,,"LIEU, Ted",L000582,1969.0,,-0.372,-0.263,-1.08362,0.99094,119,0,,-0.552,-0.235
117,House,21508,71,35,CA,100,,,"TORRES, Norma Judith",T000474,1965.0,,-0.36,0.033,-1.42852,0.98807,119,1,,-0.3,0.098
117,House,21703,71,44,CA,100,,,"BARRAGÁN, Nanette Diaz",B001300,1976.0,,-0.514,0.046,-1.64336,0.98617,118,1,,-0.612,0.239
117,House,21709,71,24,CA,100,,,"CARBAJAL, Salud",C001112,1964.0,,-0.301,0.139,-1.67915,0.98599,119,1,,-0.29,-0.247
117,House,21711,71,46,CA,100,,,"CORREA, Jose Luis",C001110,1958.0,,-0.282,0.3,-2.43059,0.97978,119,1,,-0.29,-0.247
117,House,21728,71,17,CA,100,,,"KHANNA, Rohit",K000389,1976.0,,-0.577,-0.274,-0.68961,0.99422,119,0,,-0.552,-0.235
117,House,21740,71,20,CA,100,,,"PANETTA, James Varni",P000613,1969.0,,-0.306,0.046,-1.44284,0.98795,119,1,,-0.29,-0.247
117,House,21754,71,34,CA,100,,,"GOMEZ, Jimmy",G000585,1974.0,,-0.595,-0.112,-0.68855,0.99413,117,0,,-0.552,-0.237
117,House,21930,71,10,CA,100,,,"HARDER, Josh",H001090,1986.0,,-0.379,0.742,-2.26057,0.98118,119,0,,-0.294,0.571
117,House,21939,71,49,CA,100,,,"LEVIN, Mike",L000593,1978.0,,-0.351,0.11,-1.42463,0.9881,119,1,,-0.29,-0.247
117,House,21954,71,45,CA,100,,,"PORTER, Katie",P000618,1974.0,,-0.182,0.008,-5.16487,0.95753,119,1,,-0.221,-0.372
117,House,21988,71,25,CA,200,,,"GARCIA, Mike",G000061,1976.0,,0.379,0.233,-15.72841,0.87521,118,6,,0.395,0.016
117,House,22126,71,53,CA,100,,,"JACOBS, Sara",J000305,1989.0,,-0.551,-0.236,-0.66908,0.99439,119,0,,-0.552,-0.235
117,House,22129,71,39,CA,200,,,"KIM, Young",K000397,1962.0,,0.359,0.066,-12.13753,0.90146,117,5,,0.317,0.207
117,House,22145,71,8,CA,200,,,"OBERNOLTE, Jay",O000019,1970.0,,0.358,0.635,-7.30197,0.93899,116,1,,0.374,0.565
117,House,22152,71,48,CA,200,,,"STEEL, Michelle",S001135,1955.0,,0.447,0.895,-1.48762,0.98681,112,0,,0.485,0.874
117,House,29106,71,43,CA,100,,,"WATERS, Maxine",W000187,1938.0,,-0.653,-0.071,-3.04098,0.9739,115,1,,-0.288,-0.252
117,House,29312,71,18,CA,100,,,"ESHOO, Anna Georges",E000215,1942.0,,-0.381,-0.425,-1.8068,0.98454,116,1,,-0.29,-0.248
117,House,29317,71,40,CA,100,,,"ROYBAL-ALLARD, Lucille",R000486,1941.0,,-0.47,-0.185,-1.84806,0.98459,119,1,,-0.29,-0.247
117,House,29323,71,42,CA,200,,,"CALVERT, Ken",C000059,1953.0,,0.35,0.223,-10.17328,0.91317,112,5,,0.491,0.541
117,House,29504,71,19,CA,100,,,"LOFGREN, Zoe",L000397,1947.0,,-0.402,-0.445,-2.46437,0.97933,118,1,,-0.612,0.239
117,House,29707,71,30,CA,100,,,"SHERMAN, Brad",S000344,1954.0,,-0.342,-0.147,-1.72958,0.98557,119,1,,-0.3,0.098
117,House,29778,71,13,CA,100,,,"LEE, Barbara",L000551,1946.0,,-0.682,-0.587,-1.61635,0.9864,118,1,,-0.552,-0.235
117,House,29901,71,5,CA,100,,,"THOMPSON, Michael",T000460,1951.0,,-0.395,0.066,-3.31963,0.97249,119,2,,-0.262,0.286
117,House,29903,71,32,CA,100,,,"NAPOLITANO, Grace Flores",N000179,1936.0,,-0.448,-0.248,-1.98874,0.98329,118,1,,-0.612,0.239
117,House,20704,62,5,CO,200,,,"LAMBORN, Doug",L000564,1954.0,,0.679,0.197,-8.44746,0.93091,118,3,,0.599,0.053
117,House,20705,62,7,CO,100,,,"PERLMUTTER, Ed",P000593,1953.0,,-0.282,0.076,-2.02868,0.9831,119,1,,-0.262,0.286
117,House,21510,62,4,CO,200,,,"BUCK, Kenneth Robert",B001297,1959.0,,0.743,-0.464,-16.09502,0.86502,111,9,,0.648,-0.548
117,House,21912,62,6,CO,100,,,"CROW, Jason",C001121,1979.0,,-0.271,0.399,-1.64779,0.98625,119,0,,-0.262,0.286
117,House,21948,62,2,CO,100,,,"NEGUSE, Joseph",N000191,1984.0,,-0.436,-0.426,-2.29655,0.98089,119,1,,-0.29,-0.247
117,House,22103,62,3,CO,200,,,"BOEBERT, Lauren",B000825,1986.0,,0.801,-0.436,-9.97109,0.91625,114,6,,0.801,-0.437
117,House,29710,62,1,CO,100,,,"DeGETTE, Diana",D000197,1957.0,,-0.431,-0.311,-3.19964,0.97347,119,2,,-0.3,0.098
117,House,20706,1,2,CT,100,,,"COURTNEY, Joe",C001069,1953.0,,-0.344,0.017,-1.38847,0.9884,119,1,,-0.3,0.098
117,House,20907,1,4,CT,100,,,"HIMES, James A.",H001047,1966.0,,-0.243,-0.236,-1.57402,0.98675,118,1,,-0.3,0.098
117,House,21931,1,5,CT,100,,,"HAYES, Jahana",H001081,1973.0,,-0.359,-0.07,-6.80398,0.94443,119,3,,-0.237,-0.504
117,House,29109,1,3,CT,100,,,"DeLAURO, Rosa L.",D000216,1943.0,,-0.415,-0.117,-2.15222,0.98193,118,2,,-0.3,0.098
117,House,29908,1,1,CT,100,,,"LARSON, John B.",L000557,1948.0,,-0.397,-0.051,-1.80628,0.98455,116,1,,-0.299,0.097
117,House,21706,11,1,DE,100,,,"BLUNT ROCHESTER, Lisa",B001303,1962.0,,-0.334,-0.119,-1.73877,0.98549,119,1,,-0.552,-0.235
117,House,20316,43,25,FL,200,,,"DIAZ-BALART, Mario",D000600,1961.0,,0.28,0.122,-19.29476,0.84797,117,8,,0.304,0.327
117,House,20504,43,23,FL,100,,,"WASSERMAN SCHULTZ, Debbie",W000797,1966.0,,-0.421,0.069,-1.57358,0.98686,119,1,,-0.552,-0.235
117,House,20708,43,14,FL,100,,,"CASTOR, Kathy",C001066,1966.0,,-0.438,0.045,-1.42698,0.98798,118,1,,-0.29,-0.247
117,House,20709,43,16,FL,200,,,"BUCHANAN, Vernon G.",B001260,1951.0,,0.359,-0.129,-14.74349,0.88347,119,5,,0.379,0.058
117,House,20758,43,12,FL,200,,,"BILIRAKIS, Gus",B001257,1963.0,,0.404,0.024,-7.38072,0.93784,115,2,,0.407,0.371
117,House,20909,43,8,FL,200,,,"POSEY, Bill",P000599,1947.0,,0.52,-0.32,-10.33776,0.91258,113,4,,0.556,-0.039
117,House,20959,43,22,FL,100,,,"DEUTCH, Theodore E. (Ted)",D000610,1966.0,,-0.399,-0.093,-1.35429,0.98829,115,1,,-0.29,-0.246
117,House,21116,43,11,FL,200,,,"WEBSTER, Daniel A.",W000806,1949.0,,0.51,-0.047,-9.01882,0.91376,100,3,,0.673,0.277
117,House,21118,43,24,FL,100,,,"WILSON, Frederica",W000808,1942.0,,-0.477,-0.016,-1.03418,0.99127,118,0,,-0.552,-0.235
117,House,21321,43,21,FL,100,,,"FRANKEL, Lois",F000462,1948.0,,-0.398,-0.082,-1.34636,0.98866,118,1,,-0.29,-0.247
117,House,21712,43,13,FL,100,,,"CRIST, Charlie Joseph Jr.",C001111,1956.0,,-0.223,0.046,-2.44882,0.97929,117,2,,-0.269,0.135
117,House,21713,43,10,FL,100,,,"DEMINGS, Valdez Butler",D000627,1957.0,,-0.338,-0.105,-1.59676,0.98667,119,1,,-0.3,0.098
117,House,21714,43,2,FL,200,,,"DUNN, Neal Patrick",D000628,1953.0,,0.532,0.218,-10.312,0.91494,116,4,,0.526,0.138
117,House,21719,43,1,FL,200,,,"GAETZ, Matthew L. II",G000578,1982.0,,0.63,-0.59,-13.98895,0.88058,110,6,,0.758,-0.534
117,House,21732,43,5,FL,100,,,"LAWSON, Alfred Jr.",L000586,1948.0,,-0.256,0.078,-1.30826,0.98907,119,0,,-0.3,0.098
117,House,21735,43,18,FL,200,,,"MAST, Brian Jeffery",M001199,1980.0,,0.435,-0.332,-24.41417,0.81166,117,14,,0.595,-0.343
117,House,21738,43,7,FL,100,,,"MURPHY, Stephanie",M001202,1978.0,,-0.159,0.086,-3.68877,0.96843,115,1,,-0.27,0.139
117,House,21744,43,4,FL,200,,,"RUTHERFORD, John Henry",R000609,1952.0,,0.393,0.181,-16.90141,0.86549,117,6,,0.49,0.066
117,House,21746,43,9,FL,100,,,"SOTO, Darren Michael",S001200,1978.0,,-0.38,0.122,-1.40093,0.9882,118,1,,-0.289,-0.249
117,House,21971,43,17,FL,200,,,"STEUBE, William",S001214,1978.0,,0.67,-0.337,-14.7389,0.88164,117,6,,0.848,-0.09
117,House,21981,43,6,FL,200,,,"WALTZ, Michael",W000823,1974.0,,0.416,-0.133,-8.63579,0.92766,115,1,,0.452,0.167
117,House,22107,43,3,FL,200,,,"CAMMACK, Kat",C001039,1988.0,,0.68,-0.205,-10.18958,0.91794,119,4,,0.679,-0.206
117,House,22111,43,19,FL,200,,,"DONALDS, Byron",D000032,1978.0,,0.708,-0.072,-8.50077,0.92992,117,4,,0.707,-0.073
117,House,22116,43,15,FL,200,,,"FRANKLIN, C. Scott",F000472,1964.0,,0.62,0.06,-6.29366,0.94674,115,3,,0.617,0.059
117,House,22118,43,26,FL,200,,,"GIMENEZ, Carlos A.",G000593,1954.0,,0.29,-0.043,-19.74675,0.8471,119,8,,0.299,-0.076
117,House,22150,43,27,FL,200,,,"SALAZAR, Maria Elvira",S000168,1961.0,,0.274,-0.088,-13.86567,0.88157,110,5,,0.282,-0.117
117,House,29337,43,20,FL,100,,,"HASTINGS, Alcee Lamar",H000324,1936.0,,-0.564,0.157,-1.0145,0.988,84,0,,-0.567,-0.227
117,House,20321,44,13,GA,100,,,"SCOTT, David",S001157,1945.0,,-0.302,0.163,-2.92709,0.97508,116,1,,-0.612,0.24
117,House,20712,44,4,GA,100,,,"JOHNSON, Hank",J000288,1954.0,,-0.468,0.013,-2.12489,0.98215,118,2,,-0.3,0.098
117,House,21123,44,8,GA,200,,,"SCOTT, Austin",S001189,1969.0,,0.568,0.193,-8.32906,0.93013,115,5,,0.542,0.036
117,House,21513,44,1,GA,200,,,"CARTER, Buddy",C001103,1957.0,,0.583,0.263,-4.07088,0.96609,118,1,,0.619,0.501
117,House,21514,44,10,GA,200,,,"HICE, Jody Brownlow",H001071,1960.0,,0.791,-0.156,-14.63787,0.88145,116,8,,0.739,-0.475
117,House,21515,44,11,GA,200,,,"LOUDERMILK, Barry D.",L000583,1963.0,,0.69,-0.008,-5.62802,0.94968,109,2,,0.685,-0.024
117,House,21516,44,12,GA,200,,,"ALLEN, Rick W.",A000372,1951.0,,0.684,0.284,-9.44571,0.92369,119,6,,0.793,0.432
117,House,21717,44,3,GA,200,,,"FERGUSON, Anderson Drew IV",F000465,1967.0,,0.614,0.121,-12.58151,0.89551,114,7,,0.555,-0.084
117,House,21944,44,6,GA,100,,,"McBATH, Lucy",M001208,1960.0,,-0.254,0.376,-2.36908,0.98029,119,1,,-0.294,0.571
117,House,22104,44,7,GA,100,,,"BOURDEAUX, Carolyn",B001312,1970.0,,-0.263,0.287,-1.56729,0.98692,119,0,,-0.262,0.286
117,House,22110,44,9,GA,200,,,"CLYDE, Andrew S.",C001116,1963.0,,0.879,-0.143,-8.54977,0.91883,101,5,,0.879,-0.143
117,House,22121,44,14,GA,200,,,"GREENE, Marjorie Taylor",G000596,1974.0,,0.818,-0.575,-7.16938,0.93956,115,3,,0.818,-0.575
117,House,22156,44,5,GA,100,,,"WILLIAMS, Nikema",W000788,1978.0,,-0.551,-0.236,-0.66908,0.99435,118,0,,-0.552,-0.235
117,House,29339,44,2,GA,100,,,"BISHOP, Sanford Dixon, Jr.",B000490,1947.0,,-0.283,0.463,-4.79535,0.96018,118,2,,-0.612,0.239
117,House,20322,82,1,HI,100,,,"CASE, Ed",C001055,1952.0,,-0.197,-0.126,-7.36723,0.93997,119,2,,-0.147,-0.209
117,House,22128,82,2,HI,100,,,"KAHELE, Kaialiʻi",K000396,1974.0,,-0.551,-0.236,-0.66884,0.99425,116,0,,-0.552,-0.236
117,House,21920,63,1,ID,200,,,"FULCHER, Russell",F000469,1973.0,,0.632,0.039,-8.8291,0.92671,116,3,,0.693,0.137
117,House,29910,63,2,ID,200,,,"SIMPSON, Michael K.",S001148,1950.0,,0.297,0.285,-15.47972,0.86761,109,7,,0.255,0.379
117,House,20749,21,11,IL,100,,,"FOSTER, Bill",F000454,1955.0,,-0.229,-0.225,-2.744,0.97721,119,1,,-0.552,-0.235
117,House,20954,21,5,IL,100,,,"QUIGLEY, Mike",Q000023,1958.0,,-0.321,-0.279,-1.23646,0.98966,119,0,,-0.29,-0.247
117,House,21128,21,16,IL,200,,,"KINZINGER, Adam",K000378,1978.0,,0.272,0.306,-17.20214,0.83901,98,6,,0.201,0.309
117,House,21326,21,10,IL,100,,,"SCHNEIDER, Brad",S001190,1961.0,,-0.175,-0.193,-4.96699,0.95878,118,2,,-0.535,0.604
117,House,21328,21,13,IL,200,,,"DAVIS, Rodney",D000619,1970.0,,0.274,0.173,-14.69457,0.87495,110,8,,0.258,0.154
117,House,21329,21,17,IL,100,,,"BUSTOS, Cheri",B001286,1961.0,,-0.238,0.042,-4.52442,0.96238,118,2,,-0.294,0.571
117,House,21371,21,2,IL,100,,,"KELLY, Robin L.",K000385,1956.0,,-0.461,-0.003,-1.72278,0.98551,118,1,,-0.612,0.239
117,House,21519,21,12,IL,200,,,"BOST, Mike",B001295,1960.0,,0.273,0.497,-8.75799,0.91924,104,6,,0.289,0.458
117,House,21562,21,18,IL,200,,,"LaHOOD, Darin",L000585,1968.0,,0.465,0.164,-7.05463,0.94244,119,4,,0.494,0.325
117,House,21730,21,8,IL,100,,,"KRISHNAMOORTHI, S. Raja",K000391,1973.0,,-0.317,-0.103,-2.22911,0.98129,118,2,,-0.612,0.239
117,House,21906,21,6,IL,100,,,"CASTEN, Sean",C001117,1971.0,,-0.404,0.17,-10.9627,0.91199,119,4,,-0.382,-0.924
117,House,21921,21,4,IL,100,,,"GARCÍA, Jesús",G000586,1956.0,,-0.473,-0.797,-0.93582,0.9921,118,0,,-0.583,-0.801
117,House,21979,21,14,IL,100,,,"UNDERWOOD, Lauren",U000040,1986.0,,-0.555,0.638,-3.44426,0.97147,119,3,,-0.613,0.529
117,House,22138,21,15,IL,200,,,"MILLER, Mary E.",M001211,1959.0,,0.738,-0.27,-10.96636,0.90979,116,4,,0.737,-0.271
117,House,22144,21,3,IL,100,,,"NEWMAN, Marie",N000192,1964.0,,-0.551,-0.236,-0.66908,0.99439,119,0,,-0.552,-0.235
117,House,29346,21,1,IL,100,,,"RUSH, Bobby L.",R000515,1946.0,,-0.478,-0.203,-0.76018,0.99363,119,0,,-0.552,-0.235
117,House,29717,21,7,IL,100,,,"DAVIS, Danny K.",D000096,1941.0,,-0.486,-0.262,-0.70707,0.99392,116,0,,-0.552,-0.235
117,House,29911,21,9,IL,100,,,"SCHAKOWSKY, Janice D.",S001145,1944.0,,-0.607,-0.269,-0.72015,0.9937,114,0,,-0.552,-0.235
117,House,20757,22,7,IN,100,,,"CARSON, André",C001072,1974.0,,-0.431,0.059,-1.47041,0.98772,119,1,,-0.552,-0.235
117,House,21132,22,8,IN,200,,,"BUCSHON, Larry",B001275,1962.0,,0.406,0.254,-6.86324,0.94207,115,3,,0.386,0.294
117,House,21330,22,2,IN,200,,,"WALORSKI, Jackie",W000813,1963.0,,0.427,0.326,-5.59766,0.95405,119,2,,0.546,0.666
117,House,21702,22,3,IN,200,,,"BANKS, James E.",B001299,1979.0,,0.633,-0.018,-14.15623,0.88784,119,7,,0.578,-0.215
117,House,21725,22,9,IN,200,,,"HOLLINGSWORTH, Joseph Albert III",H001074,1983.0,,0.423,-0.268,-19.26051,0.85057,119,6,,0.482,-0.402
117,House,21903,22,4,IN,200,,,"BAIRD, James",B001307,1945.0,,0.432,0.613,-10.1415,0.91831,119,5,,0.463,0.217
117,House,21952,22,6,IN,200,,,"PENCE, Gregory",P000615,1956.0,,0.457,0.355,-5.436,0.9546,117,2,,0.41,0.528
117,House,22142,22,1,IN,100,,,"MRVAN, Frank J.",M001214,1969.0,,-0.3,0.099,-1.24082,0.98954,118,0,,-0.3,0.098
117,House,22151,22,5,IN,200,,,"SPARTZ, Victoria",S000929,1978.0,,0.467,0.118,-6.2273,0.94902,119,3,,0.444,0.18
117,House,21902,31,3,IA,100,,,"AXNE, Cynthia",A000378,1965.0,,-0.238,0.547,-2.74968,0.97716,119,1,,-0.262,0.286
117,House,22113,31,4,IA,200,,,"FEENSTRA, Randy",F000446,1969.0,,0.438,0.268,-4.99615,0.95888,119,3,,0.395,0.411
117,House,22124,31,1,IA,200,,,"HINSON, Ashley",H001091,1983.0,,0.535,-0.176,-10.36524,0.91658,119,7,,0.531,-0.171
117,House,22139,31,2,IA,200,,,"MILLER-MEEKS, Mariannette",M001215,1955.0,,0.281,0.507,-8.57827,0.92988,118,3,,0.283,0.497
117,House,21750,32,4,KS,200,,,"ESTES, Ron",E000298,1956.0,,0.61,0.077,-8.01579,0.93433,118,4,,0.665,0.014
117,House,21914,32,3,KS,100,,,"DAVIDS, Sharice",D000629,1980.0,,-0.251,0.212,-1.59256,0.98671,119,1,,-0.262,0.286
117,House,22130,32,2,KS,200,,,"LATURNER, Jake",L000266,1988.0,,0.568,0.298,-5.07523,0.95755,117,3,,0.557,0.316
117,House,22134,32,1,KS,200,,,"MANN, Tracey",M000871,1976.0,,0.736,0.078,-7.52805,0.9387,119,4,,0.735,0.077
117,House,14854,51,5,KY,200,,,"ROGERS, Harold Dallas (Hal)",R000395,1937.0,,0.337,0.113,-10.67185,0.91211,116,5,,0.412,0.448
117,House,20723,51,3,KY,100,,,"YARMUTH, John",Y000062,1947.0,,-0.379,-0.27,-1.44252,0.98753,115,1,,-0.288,-0.252
117,House,20916,51,2,KY,200,,,"GUTHRIE, Brett",G000558,1964.0,,0.42,0.272,-7.90881,0.9357,119,4,,0.4,0.261
117,House,21333,51,6,KY,200,,,"BARR, Garland H. (Andy) IV",B001282,1973.0,,0.49,0.299,-5.24729,0.95614,117,3,,0.402,0.376
117,House,21565,51,1,KY,200,,,"COMER, James",C001108,1972.0,,0.622,-0.003,-12.11321,0.90322,119,8,,0.536,-0.04
117,House,31102,51,4,KY,200,,,"MASSIE, Thomas",M001184,1971.0,,0.682,-0.732,-13.34604,0.89391,119,8,,0.704,-0.711
117,House,20759,45,1,LA,200,,,"SCALISE, Steve",S001176,1965.0,,0.562,0.155,-3.75589,0.96893,119,0,,0.522,0.853
117,House,21137,45,2,LA,100,,,"RICHMOND, Cedric",R000588,1973.0,,-0.486,0.332,-0.00248,0.99982,14,0,,-0.387,-0.04
117,House,21523,45,6,LA,200,,,"GRAVES, Garret",G000577,1972.0,,0.46,-0.057,-7.79928,0.93443,115,3,,0.423,0.248
117,House,21724,45,3,LA,200,,,"HIGGINS, Clay",H001077,1961.0,,0.58,-0.156,-18.10554,0.85433,115,8,,0.622,-0.297
117,House,21727,45,4,LA,200,,,"JOHNSON, Mike",J000299,1972.0,,0.556,-0.047,-8.89884,0.92615,116,4,,0.586,-0.024
117,House,22157,45,5,LA,200,,,"LETLOW, Julia",L000595,1981.0,,0.384,0.923,-0.72045,0.97267,26,0,,0.507,0.862
117,House,20920,2,1,ME,100,,,"PINGREE, Chellie",P000597,1955.0,,-0.421,-0.395,-4.94565,0.95929,119,1,,-0.613,0.529
117,House,21923,2,2,ME,100,,,"GOLDEN, Jared",G000592,1982.0,,-0.105,0.312,-41.18239,0.70329,117,19,,-0.065,0.234
117,House,14873,52,5,MD,100,,,"HOYER, Steny Hamilton",H000874,1939.0,,-0.38,0.117,-1.39319,0.98785,114,0,,-0.3,0.098
117,House,15433,52,7,MD,100,,,"MFUME, Kweisi",M000687,1948.0,,-0.447,-0.431,-2.48667,0.97861,115,1,,-0.612,0.239
117,House,20329,52,2,MD,100,,,"RUPPERSBERGER, C. A. (Dutch)",R000576,1946.0,,-0.295,0.133,-1.69088,0.98553,116,1,,-0.288,-0.252
117,House,20724,52,3,MD,100,,,"SARBANES, John",S001168,1962.0,,-0.467,-0.072,-2.41528,0.97974,118,2,,-0.299,0.097
117,House,21139,52,1,MD,200,,,"HARRIS, Andy",H001052,1957.0,,0.659,-0.38,-15.55561,0.87348,115,8,,0.836,-0.398
117,House,21707,52,4,MD,100,,,"BROWN, Anthony Gregory",B001304,1961.0,,-0.335,-0.131,-1.21664,0.98966,117,0,,-0.289,-0.25
117,House,21741,52,8,MD,100,,,"RASKIN, Jamie Ben",R000606,1962.0,,-0.544,-0.243,-2.64324,0.97668,112,1,,-0.29,-0.248
117,House,21978,52,6,MD,100,,,"TRONE, David",T000483,1955.0,,-0.269,-0.031,-1.27215,0.98909,116,0,,-0.297,0.093
117,House,15616,3,1,MA,100,,,"NEAL, Richard Edmund",N000015,1949.0,,-0.417,-0.111,-1.13484,0.99043,118,0,,-0.552,-0.235
117,House,20119,3,8,MA,100,,,"LYNCH, Stephen F.",L000562,1955.0,,-0.35,0.038,-1.37885,0.98828,117,1,,-0.298,0.095
117,House,21140,3,9,MA,100,,,"KEATING, William R.",K000375,1952.0,,-0.329,-0.13,-1.6132,0.98642,118,1,,-0.3,0.099
117,House,21375,3,5,MA,100,,,"CLARK, Katherine M.",C001101,1963.0,,-0.484,-0.372,-0.69163,0.99406,116,0,,-0.558,-0.228
117,House,21525,3,6,MA,100,,,"MOULTON, Seth",M001196,1978.0,,-0.286,-0.066,-4.37728,0.96388,119,1,,-0.236,-0.612
117,House,21955,3,7,MA,100,,,"PRESSLEY, Ayanna",P000617,1974.0,,-0.295,-0.955,-1.77893,0.98504,118,1,,-0.379,-0.925
117,House,21977,3,3,MA,100,,,"TRAHAN, Lori",T000482,1973.0,,-0.453,-0.172,-1.70963,0.98574,119,1,,-0.29,-0.247
117,House,22100,3,4,MA,100,,,"AUCHINCLOSS, Jake",A000148,1988.0,,-0.29,-0.246,-1.18301,0.99011,119,0,,-0.29,-0.247
117,House,29729,3,2,MA,100,,,"McGOVERN, James P.",M000312,1959.0,,-0.539,-0.303,-0.67905,0.99431,119,0,,-0.552,-0.235
117,House,15446,23,6,MI,200,,,"UPTON, Frederick Stephen",U000031,1953.0,,0.332,-0.379,-27.30517,0.79497,119,18,,0.207,0.007
117,House,20725,23,7,MI,200,,,"WALBERG, Tim",W000798,1951.0,,0.515,0.082,-10.11749,0.91849,119,3,,0.37,0.783
117,House,21142,23,2,MI,200,,,"HUIZENGA, Bill",H001058,1969.0,,0.577,-0.069,-7.76146,0.93528,116,2,,0.516,0.098
117,House,21372,23,5,MI,100,,,"KILDEE, Dan",K000380,1958.0,,-0.396,-0.217,-1.45837,0.98782,119,1,,-0.29,-0.247
117,House,21526,23,4,MI,200,,,"MOOLENAAR, John",M001194,1961.0,,0.396,0.431,-4.7106,0.96119,119,3,,0.415,0.473
117,House,21529,23,12,MI,100,,,"DINGELL, Debbie",D000624,1953.0,,-0.408,-0.131,-7.17374,0.94102,118,2,,-0.485,0.731
117,House,21530,23,14,MI,100,,,"LAWRENCE, Brenda L",L000581,1954.0,,-0.445,-0.025,-1.75495,0.98511,117,1,,-0.612,0.24
117,House,21704,23,1,MI,200,,,"BERGMAN, John",B001301,1947.0,,0.434,0.072,-14.25535,0.88529,117,4,,0.493,0.201
117,House,21940,23,9,MI,100,,,"LEVIN, Andy",L000592,1960.0,,-0.53,-0.514,-0.91027,0.99238,119,0,,-0.552,-0.235
117,House,21965,23,8,MI,100,,,"SLOTKIN, Elissa",S001208,1976.0,,-0.299,0.767,-5.15639,0.95724,118,1,,-0.342,0.776
117,House,21972,23,11,MI,100,,,"STEVENS, Haley",S001215,1983.0,,-0.332,0.359,-1.72408,0.98562,119,1,,-0.262,0.286
117,House,21975,23,13,MI,100,,,"TLAIB, Rashida",T000481,1976.0,,-0.262,-0.965,-2.05422,0.98245,116,1,,-0.382,-0.924
117,House,22136,23,10,MI,200,,,"MCCLAIN, Lisa C.",M001136,1966.0,,0.583,0.787,-3.01463,0.97478,118,1,,0.553,0.833
117,House,22137,23,3,MI,200,,,"MEIJER, Peter",M001186,1988.0,,0.235,0.428,-15.74069,0.8761,119,6,,0.235,0.425
117,House,20122,33,4,MN,100,,,"McCOLLUM, Betty",M001143,1954.0,,-0.418,-0.188,-1.44695,0.98781,118,1,,-0.376,0.151
117,House,21531,33,6,MN,200,,,"EMMER, Thomas Earl II",E000294,1961.0,,0.454,-0.064,-15.25776,0.87871,118,7,,0.378,-0.044
117,House,21910,33,2,MN,100,,,"CRAIG, Angela",C001119,1972.0,,-0.307,0.703,-5.01578,0.95873,119,1,,-0.249,0.641
117,House,21929,33,1,MN,200,,,"HAGEDORN, Jim",H001088,1962.0,,0.461,0.385,-3.1827,0.97339,118,1,,0.454,0.627
117,House,21950,33,5,MN,100,,,"OMAR, Ilhan",O000173,1981.0,,-0.28,-0.96,-5.10164,0.95769,118,2,,-0.981,-0.192
117,House,21953,33,3,MN,100,,,"PHILLIPS, Dean",P000616,1969.0,,-0.237,0.078,-2.40825,0.97997,119,2,,-0.271,0.14
117,House,21969,33,8,MN,200,,,"STAUBER, Peter",S001212,1966.0,,0.288,0.138,-15.6344,0.87591,118,8,,0.293,-0.082
117,House,22114,33,7,MN,200,,,"FISCHBACH, Michelle",F000470,1965.0,,0.567,0.593,-3.6839,0.96952,119,1,,0.546,0.666
117,House,21148,46,4,MS,200,,,"PALAZZO, Steven",P000601,1970.0,,0.523,0.53,-4.22069,0.96486,118,2,,0.633,0.774
117,House,21561,46,1,MS,200,,,"KELLY, Trent",K000388,1966.0,,0.631,0.23,-6.98906,0.94296,119,2,,0.629,0.245
117,House,21927,46,3,MS,200,,,"GUEST, Michael",G000591,1970.0,,0.496,0.229,-6.76324,0.94336,116,2,,0.689,0.63
117,House,29368,46,2,MS,100,,,"THOMPSON, Bennie",T000193,1948.0,,-0.516,0.399,-7.81122,0.93647,119,3,,-0.72,0.694
117,House,20124,34,6,MO,200,,,"GRAVES, Samuel",G000546,1963.0,,0.443,0.18,-4.62124,0.96061,115,2,,0.505,0.863
117,House,20517,34,5,MO,100,,,"CLEAVER, Emanuel, II",C001061,1944.0,,-0.454,0.013,-1.20989,0.9898,118,0,,-0.552,-0.235
117,House,20926,34,3,MO,200,,,"LUETKEMEYER, Blaine",L000569,1952.0,,0.438,0.268,-3.92478,0.96701,117,0,,0.448,0.662
117,House,21149,34,4,MO,200,,,"HARTZLER, Vicky",H001053,1960.0,,0.463,0.309,-9.30811,0.92353,117,2,,0.464,0.106
117,House,21150,34,7,MO,200,,,"LONG, Billy",L000576,1955.0,,0.549,0.223,-11.01961,0.91156,119,4,,0.413,0.911
117,House,21337,34,2,MO,200,,,"WAGNER, Ann",W000812,1962.0,,0.438,0.146,-8.04766,0.93407,118,4,,0.404,0.25
117,House,21373,34,8,MO,200,,,"SMITH, Jason",S001195,1980.0,,0.6,0.176,-4.59753,0.96179,118,1,,0.63,0.77
117,House,22106,34,1,MO,100,,,"BUSH, Cori",B001224,1976.0,,-0.41,-0.912,-4.72821,0.96072,118,2,,-0.981,-0.192
117,House,22148,64,1,MT,200,,,"ROSENDALE, Matthew M., Sr.",R000103,1960.0,,0.721,-0.409,-19.88572,0.84491,118,9,,0.721,-0.41
117,House,20518,35,1,NE,200,,,"FORTENBERRY, Jeff",F000449,1960.0,,0.301,-0.059,-14.39242,0.88332,116,5,,0.337,-0.034
117,House,20729,35,3,NE,200,,,"SMITH, Adrian",S001172,1970.0,,0.517,0.188,-2.06693,0.98051,105,0,,0.498,0.867
117,House,21701,35,2,NE,200,,,"BACON, Donald J.",B001298,1963.0,,0.389,-0.099,-21.63209,0.83378,119,12,,0.279,-0.087
117,House,20927,65,1,NV,100,,,"TITUS, Alice (Dina)",T000468,1950.0,,-0.302,-0.213,-1.68384,0.98559,116,1,,-0.297,0.093
117,House,21196,65,2,NV,200,,,"AMODEI, Mark E.",A000369,1958.0,,0.382,0.2,-10.88996,0.91184,118,5,,0.304,0.377
117,House,21339,65,4,NV,100,,,"HORSFORD, Steven",H001066,1973.0,,-0.348,0.093,-1.95939,0.98339,117,1,,-0.266,0.255
117,House,21938,65,3,NV,100,,,"LEE, Susie",L000590,1966.0,,-0.308,0.432,-2.28897,0.98079,118,1,,-0.294,0.285
117,House,21340,4,2,NH,100,,,"KUSTER, Ann McLane",K000382,1956.0,,-0.256,-0.123,-1.37481,0.98851,119,1,,-0.3,0.098
117,House,21951,4,1,NH,100,,,"PAPPAS, Chris",P000614,1980.0,,-0.304,0.355,-2.85293,0.97631,119,2,,-0.294,0.571
117,House,14863,12,4,NJ,200,,,"SMITH, Christopher Henry",S000522,1953.0,,0.165,-0.168,-27.73434,0.78896,117,9,,0.262,-0.426
117,House,15454,12,6,NJ,100,,,"PALLONE, Frank, Jr.",P000034,1951.0,,-0.404,-0.164,-1.09514,0.99084,119,0,,-0.552,-0.235
117,House,20542,12,8,NJ,100,,,"SIRES, Albio",S001165,1951.0,,-0.405,0.095,-1.52976,0.9869,116,1,,-0.3,0.098
117,House,21536,12,1,NJ,100,,,"NORCROSS, Donald",N000188,1958.0,,-0.425,0.324,-1.39989,0.98821,118,0,,-0.3,0.098
117,House,21538,12,12,NJ,100,,,"WATSON COLEMAN, Bonnie",W000822,1945.0,,-0.627,-0.138,-0.70239,0.99411,119,0,,-0.552,-0.235
117,House,21723,12,5,NJ,100,,,"GOTTHEIMER, Josh S.",G000583,1975.0,,-0.145,0.223,-4.22105,0.96486,118,1,,-0.294,0.571
117,House,21937,12,3,NJ,100,,,"KIM, Andy",K000394,1982.0,,-0.273,0.388,-2.73853,0.97725,119,1,,-0.271,0.14
117,House,21942,12,7,NJ,100,,,"MALINOWSKI, Tomaz",M001203,1965.0,,-0.259,0.111,-8.30623,0.93147,117,4,,-0.241,0.292
117,House,21964,12,11,NJ,100,,,"SHERRILL, Mikie",S001207,1972.0,,-0.188,0.241,-2.69762,0.9774,118,1,,-0.298,0.096
117,House,29741,12,9,NJ,100,,,"PASCRELL, William J., Jr.",P000096,1937.0,,-0.367,-0.005,-1.29227,0.98883,115,0,,-0.29,-0.247
117,House,31103,12,10,NJ,100,,,"PAYNE, Donald, Jr.",P000604,1958.0,,-0.517,-0.098,-0.7814,0.99346,119,0,,-0.552,-0.235
117,House,91980,12,2,NJ,200,,,"VAN DREW, Jefferson",V000133,1953.0,,0.2,-0.205,-27.09293,0.79329,117,11,,0.282,-0.389
117,House,21928,66,1,NM,100,,,"HAALAND, Debra",H001080,1960.0,,-0.332,-0.233,-1.32643,0.98149,71,1,,-0.567,-0.214
117,House,22123,66,2,NM,200,,,"HERRELL, Yvette",H001084,1964.0,,0.936,0.352,-6.45532,0.94676,118,3,,0.963,0.271
117,House,22131,66,3,NM,100,,,"LEGER FERNANDEZ, Teresa",L000273,1959.0,,-0.551,-0.236,-0.66908,0.99439,119,0,,-0.552,-0.235
117,House,20519,13,26,NY,100,,,"HIGGINS, Brian",H001038,1959.0,,-0.347,-0.033,-1.89721,0.98405,118,1,,-0.552,-0.235
117,House,20733,13,9,NY,100,,,"CLARKE, Yvette Diane",C001067,1964.0,,-0.614,-0.211,-0.70181,0.99392,115,0,,-0.552,-0.236
117,House,20934,13,20,NY,100,,,"TONKO, Paul",T000469,1949.0,,-0.42,-0.265,-0.86445,0.9927,118,0,,-0.552,-0.235
117,House,21101,13,23,NY,200,,,"REED, Thomas W. II",R000585,1971.0,,0.276,0.11,-20.24486,0.84356,119,7,,0.237,0.159
117,House,21342,13,6,NY,100,,,"MENG, Grace",M001188,1975.0,,-0.377,-0.179,-1.22705,0.98957,117,0,,-0.552,-0.236
117,House,21343,13,8,NY,100,,,"JEFFRIES, Hakeem",J000294,1970.0,,-0.488,-0.09,-1.75755,0.98534,119,1,,-0.612,0.239
117,House,21344,13,18,NY,100,,,"MALONEY, Sean Patrick",M001185,1966.0,,-0.239,0.122,-2.18668,0.98164,118,1,,-0.29,-0.247
117,House,21539,13,1,NY,200,,,"ZELDIN, Lee M",Z000017,1980.0,,0.389,-0.129,-15.23429,0.87791,117,8,,0.402,-0.086
117,House,21540,13,4,NY,100,,,"RICE, Kathleen Maura",R000602,1965.0,,-0.285,0.029,-2.47949,0.97938,119,2,,-0.271,0.14
117,House,21541,13,21,NY,200,,,"STEFANIK, Elise M",S001196,1984.0,,0.229,-0.001,-24.9109,0.80524,115,10,,0.374,0.122
117,House,21542,13,24,NY,200,,,"KATKO, John",K000386,1962.0,,0.199,-0.005,-20.94402,0.8361,117,12,,0.192,-0.136
117,House,21715,13,13,NY,100,,,"ESPAILLAT, Adriano J.",E000297,1954.0,,-0.618,-0.177,-2.15335,0.98192,118,1,,-0.584,-0.791
117,House,21747,13,3,NY,100,,,"SUOZZI, Thomas",S001201,1962.0,,-0.214,0.087,-1.64556,0.98627,119,0,,-0.3,0.098
117,House,21749,13,22,NY,200,,,"TENNEY, Claudia",T000478,1961.0,,0.282,0.495,-5.81993,0.93805,91,3,,0.339,0.316
117,House,21761,13,25,NY,100,,,"MORELLE, Joseph D.",M001206,1957.0,,-0.334,0.111,-1.26986,0.98921,117,0,,-0.3,0.098
117,House,21916,13,19,NY,100,,,"DELGADO, Antonio",D000630,1977.0,,-0.219,0.201,-2.70478,0.97753,119,1,,-0.271,0.14
117,House,21949,13,14,NY,100,,,"OCASIO-CORTEZ, Alexandria",O000172,1989.0,,-0.233,-0.972,-2.47767,0.97887,116,0,,-0.388,-0.922
117,House,21990,13,27,NY,200,,,"JACOBS, Chris",J000020,1966.0,,0.326,0.064,-13.36462,0.89205,117,6,,0.305,0.274
117,House,22105,13,16,NY,100,,,"BOWMAN, Jamaal",B001223,1976.0,,-0.41,-0.912,-1.63681,0.98611,117,1,,-0.382,-0.924
117,House,22117,13,2,NY,200,,,"GARBARINO, Andrew R.",G000597,1984.0,,0.292,-0.111,-14.04872,0.88685,117,5,,0.301,-0.145
117,House,22127,13,17,NY,100,,,"JONES, Mondaire",J000306,1987.0,,-0.58,-0.788,-0.84789,0.99278,117,0,,-0.584,-0.791
117,House,22133,13,11,NY,200,,,"MALLIOTAKIS, Nicole",M000317,1980.0,,0.301,-0.039,-21.0386,0.83413,116,12,,0.312,-0.078
117,House,22154,13,15,NY,100,,,"TORRES, Ritchie",T000486,1988.0,,-0.551,-0.236,-0.66908,0.99435,118,0,,-0.552,-0.235
117,House,29377,13,10,NY,100,,,"NADLER, Jerrold Lewis",N000002,1947.0,,-0.509,-0.504,-2.98646,0.97392,113,1,,-0.612,0.239
117,House,29378,13,7,NY,100,,,"VELÁZQUEZ, Nydia M.",V000081,1953.0,,-0.547,-0.339,-0.70213,0.99412,119,0,,-0.552,-0.235
117,House,29379,13,12,NY,100,,,"MALONEY, Carolyn Bosher",M000087,1946.0,,-0.387,-0.28,-2.05453,0.98288,119,1,,-0.612,0.239
117,House,29776,13,5,NY,100,,,"MEEKS, Gregory W.",M001137,1953.0,,-0.414,-0.074,-1.83387,0.98458,118,1,,-0.612,0.24
117,House,15438,47,4,NC,100,,,"PRICE, David Eugene",P000523,1940.0,,-0.343,-0.031,-1.94742,0.98363,118,1,,-0.553,-0.234
117,House,20340,47,1,NC,100,,,"BUTTERFIELD, George Kenneth, Jr. (G.K.)",B001251,1947.0,,-0.404,0.182,-1.40465,0.98817,118,0,,-0.3,0.097
117,House,20521,47,5,NC,200,,,"FOXX, Virginia Ann",F000450,1943.0,,0.628,0.132,-13.04584,0.89097,113,6,,0.506,0.029
117,House,20522,47,10,NC,200,,,"McHENRY, Patrick T.",M001156,1975.0,,0.55,0.085,-7.38932,0.9356,111,3,,0.412,0.463
117,House,21346,47,8,NC,200,,,"HUDSON, Richard",H001067,1971.0,,0.578,0.123,-4.1843,0.96545,119,0,,0.522,0.853
117,House,21544,47,7,NC,200,,,"ROUZER, David",R000603,1972.0,,0.575,0.15,-5.74922,0.95284,119,4,,0.69,0.39
117,House,21545,47,12,NC,100,,,"ADAMS, Alma",A000370,1946.0,,-0.466,0.013,-1.14225,0.99037,118,0,,-0.552,-0.236
117,House,21708,47,13,NC,200,,,"BUDD, Theodore Paul",B001305,1971.0,,0.672,-0.153,-16.35793,0.87055,118,8,,0.707,-0.284
117,House,21986,47,9,NC,200,,,"BISHOP, Dan",B001311,1964.0,,0.815,0.002,-13.35494,0.89299,118,6,,0.759,-0.083
117,House,21987,47,3,NC,200,,,"MURPHY, Gregory Francis",M001210,1963.0,,0.545,-0.061,-19.17709,0.84391,113,7,,0.463,-0.19
117,House,22109,47,11,NC,200,,,"CAWTHORN, Madison",C001104,1995.0,,0.524,0.218,-4.36197,0.95893,104,2,,0.505,0.273
117,House,22135,47,6,NC,100,,,"MANNING, Kathy E.",M001135,1956.0,,-0.3,0.099,-1.24082,0.98963,119,0,,-0.3,0.098
117,House,22149,47,2,NC,100,,,"ROSS, Deborah K.",R000305,1963.0,,-0.3,0.099,-1.24082,0.98954,118,0,,-0.3,0.098
117,House,21901,36,1,ND,200,,,"ARMSTRONG, Kelly",A000377,1976.0,,0.47,0.023,-7.44468,0.93398,109,3,,0.53,-0.077
117,House,15029,24,9,OH,100,,,"KAPTUR, Marcia Carolyn (Marcy)",K000009,1946.0,,-0.35,0.109,-1.30581,0.98909,119,0,,-0.3,0.098
117,House,20342,24,10,OH,200,,,"TURNER, Michael R.",T000463,1960.0,,0.273,0.212,-14.09019,0.88745,118,8,,0.361,0.464
117,House,20343,24,13,OH,100,,,"RYAN, Timothy J.",R000577,1973.0,,-0.403,0.213,-1.50056,0.98715,116,1,,-0.286,-0.255
117,House,20738,24,4,OH,200,,,"JORDAN, Jim",J000289,1964.0,,0.718,-0.214,-9.37468,0.92363,118,4,,0.852,0.349
117,House,20755,24,5,OH,200,,,"LATTA, Robert E.",L000566,1956.0,,0.518,0.264,-5.51753,0.95469,119,2,,0.415,0.473
117,House,20941,24,11,OH,100,,,"FUDGE, Marcia L.",F000455,1952.0,,-0.581,0.14,-1.13895,0.97913,54,1,,-0.295,0.196
117,House,21162,24,6,OH,200,,,"JOHNSON, Bill",J000292,1954.0,,0.428,0.27,-16.7599,0.86863,119,5,,0.385,0.025
117,House,21163,24,15,OH,200,,,"STIVERS, Steve",S001187,1965.0,,0.3,0.269,-10.53552,0.90787,109,6,,0.298,0.164
117,House,21165,24,7,OH,200,,,"GIBBS, Bob",G000563,1954.0,,0.473,0.313,-6.25555,0.94269,106,2,,0.489,0.112
117,House,21351,24,2,OH,200,,,"WENSTRUP, Brad",W000815,1958.0,,0.551,0.189,-7.04051,0.94061,115,3,,0.459,0.233
117,House,21352,24,3,OH,100,,,"BEATTY, Joyce",B001281,1950.0,,-0.431,0.059,-1.47093,0.98751,117,1,,-0.552,-0.235
117,House,21353,24,14,OH,200,,,"JOYCE, David",J000295,1957.0,,0.262,0.268,-12.14292,0.90061,116,6,,0.238,0.25
117,House,21564,24,8,OH,200,,,"DAVIDSON, Warren",D000626,1970.0,,0.695,-0.356,-17.40955,0.86174,117,7,,0.61,-0.348
117,House,21759,24,12,OH,200,,,"BALDERSON, Troy",B001306,1962.0,,0.414,0.443,-12.8973,0.89123,112,6,,0.406,0.123
117,House,21924,24,16,OH,200,,,"GONZALEZ, Anthony",G000588,1984.0,,0.283,0.247,-13.60315,0.89198,119,4,,0.264,0.251
117,House,29550,24,1,OH,200,,,"CHABOT, Steve",C000266,1953.0,,0.568,-0.198,-8.26104,0.93293,119,5,,0.452,0.566
117,House,20344,53,4,OK,200,,,"COLE, Tom",C001053,1949.0,,0.332,0.363,-9.67171,0.92066,117,5,,0.375,0.392
117,House,21355,53,2,OK,200,,,"MULLIN, Markwayne",M001190,1977.0,,0.521,0.322,-9.62302,0.92039,116,4,,0.537,0.565
117,House,21760,53,1,OK,200,,,"HERN, Kevin",H001082,1961.0,,0.678,0.063,-6.15735,0.9483,116,3,,0.677,0.02
117,House,22102,53,5,OK,200,,,"BICE, Stephanie I.",B000740,1973.0,,0.346,0.798,-7.50601,0.93887,119,4,,0.354,0.761
117,House,29393,53,3,OK,200,,,"LUCAS, Frank D.",L000491,1960.0,,0.363,0.419,-4.94729,0.9586,117,2,,0.522,0.853
117,House,15410,72,4,OR,100,,,"DeFAZIO, Peter Anthony",D000191,1947.0,,-0.428,0.006,-3.70149,0.96859,116,2,,-0.27,0.137
117,House,20944,72,5,OR,100,,,"SCHRADER, Kurt",S001180,1951.0,,-0.187,0.059,-7.37673,0.9389,117,3,,-0.146,-0.143
117,House,21198,72,1,OR,100,,,"BONAMICI, Suzanne",B001278,1954.0,,-0.394,-0.402,-0.84137,0.99295,119,0,,-0.552,-0.235
117,House,22101,72,2,OR,200,,,"BENTZ, Cliff",B000668,1952.0,,0.369,0.712,-5.58322,0.95417,119,2,,0.381,0.656
117,House,29588,72,3,OR,100,,,"BLUMENAUER, Earl",B000574,1948.0,,-0.427,-0.669,-1.12384,0.9906,119,0,,-0.552,-0.235
117,House,20946,14,15,PA,200,,,"THOMPSON, Glenn",T000467,1959.0,,0.315,0.394,-6.65223,0.94563,119,2,,0.368,0.527
117,House,21167,14,16,PA,200,,,"KELLY, Mike",K000376,1948.0,,0.354,0.448,-4.43074,0.96284,117,1,,0.448,0.664
117,House,21356,14,10,PA,200,,,"PERRY, Scott",P000605,1962.0,,0.628,-0.345,-11.22055,0.90929,118,6,,0.698,-0.235
117,House,21358,14,8,PA,100,,,"CARTWRIGHT, Matt",C001090,1961.0,,-0.366,-0.04,-3.55888,0.97029,118,2,,-0.262,0.285
117,House,21548,14,2,PA,100,,,"BOYLE, Brendan Francis",B001296,1977.0,,-0.398,0.128,-0.95252,0.99182,116,0,,-0.454,-0.255
117,House,21566,14,3,PA,100,,,"EVANS, Dwight",E000296,1954.0,,-0.458,-0.082,-0.99047,0.99171,119,0,,-0.552,-0.235
117,House,21718,14,1,PA,200,,,"FITZPATRICK, Brian K.",F000466,1973.0,,0.17,-0.187,-18.96916,0.8515,118,8,,0.165,-0.605
117,House,21745,14,11,PA,200,,,"SMUCKER, Lloyd K.",S001199,1964.0,,0.424,0.255,-6.50712,0.9459,117,3,,0.368,0.527
117,House,21756,14,17,PA,100,,,"LAMB, Conor",L000588,1984.0,,-0.125,0.193,-7.79227,0.93662,119,2,,-0.173,0.037
117,House,21762,14,5,PA,100,,,"SCANLON, Mary Gay",S001205,1959.0,,-0.484,0.02,-5.67609,0.95342,119,3,,-0.27,-0.546
117,House,21763,14,7,PA,100,,,"WILD, Susan",W000826,1957.0,,-0.376,0.66,-2.3044,0.98082,119,1,,-0.294,0.571
117,House,21915,14,4,PA,100,,,"DEAN, Madeleine",D000631,1959.0,,-0.519,0.084,-1.62886,0.98629,118,1,,-0.612,0.24
117,House,21934,14,6,PA,100,,,"HOULAHAN, Christina",H001085,1967.0,,-0.307,0.528,-1.81767,0.98484,119,0,,-0.262,0.286
117,House,21936,14,13,PA,200,,,"JOYCE, John",J000302,1957.0,,0.536,0.196,-4.32385,0.96402,118,1,,0.546,0.666
117,House,21945,14,9,PA,200,,,"MEUSER, Dan",M001204,1964.0,,0.553,0.396,-5.17714,0.9556,114,2,,0.425,0.452
117,House,21956,14,14,PA,200,,,"RESCHENTHALER, Guy",R000610,1983.0,,0.367,0.31,-18.98863,0.85019,117,8,,0.441,-0.168
117,House,21985,14,12,PA,200,,,"KELLER, Fred",K000395,1965.0,,0.502,0.113,-6.35345,0.94758,118,4,,0.471,0.222
117,House,29561,14,18,PA,100,,,"DOYLE, Michael F.",D000482,1953.0,,-0.331,0.111,-1.88313,0.98362,114,1,,-0.583,-0.094
117,House,20136,5,2,RI,100,,,"LANGEVIN, James",L000559,1964.0,,-0.375,0.109,-1.39125,0.98838,119,1,,-0.29,-0.247
117,House,21172,5,1,RI,100,,,"CICILLINE, David N.",C001084,1961.0,,-0.39,-0.276,-4.77459,0.96067,119,2,,-0.271,0.14
117,House,20138,48,2,SC,200,,,"WILSON, Addison Graves (Joe)",W000795,1947.0,,0.538,0.113,-4.73982,0.95279,98,1,,0.526,0.851
117,House,21174,48,3,SC,200,,,"DUNCAN, Jeff",D000615,1966.0,,0.733,-0.172,-7.89621,0.93251,113,3,,0.865,0.503
117,House,21359,48,7,SC,200,,,"RICE, Tom",R000597,1957.0,,0.595,-0.275,-27.28443,0.79511,119,10,,0.313,0.386
117,House,21753,48,5,SC,200,,,"NORMAN, Ralph",N000190,1953.0,,0.794,-0.222,-8.8583,0.92524,114,5,,0.822,-0.33
117,House,21974,48,4,SC,200,,,"TIMMONS, William",T000480,1984.0,,0.589,0.176,-6.72455,0.94506,119,3,,0.448,0.664
117,House,22132,48,1,SC,200,,,"MACE, Nancy",M000194,1977.0,,0.322,0.151,-28.01828,0.79022,119,9,,0.302,0.212
117,House,39301,48,6,SC,100,,,"CLYBURN, James Enos",C000537,1940.0,,-0.464,0.254,-1.82623,0.98477,119,1,,-0.552,-0.235
117,House,21935,37,1,SD,200,,,"JOHNSON, Dustin",J000301,1976.0,,0.47,0.12,-6.73948,0.94449,118,4,,0.444,0.18
117,House,15019,54,5,TN,100,,,"COOPER, James Hayes Shofner",C000754,1954.0,,-0.163,-0.032,-3.37064,0.97184,118,2,,-0.271,0.142
117,House,20748,54,9,TN,100,,,"COHEN, Stephen",C001068,1949.0,,-0.4,-0.35,-2.18932,0.98177,119,1,,-0.612,0.239
117,House,21178,54,3,TN,200,,,"FLEISCHMANN, Chuck",F000459,1962.0,,0.456,0.305,-11.58881,0.90721,119,4,,0.511,0.014
117,House,21179,54,4,TN,200,,,"DESJARLAIS, Scott",D000616,1964.0,,0.583,-0.084,-9.50754,0.92259,118,5,,0.593,0.147
117,House,21731,54,8,TN,200,,,"KUSTOFF, David",K000392,1966.0,,0.529,0.325,-7.56107,0.93844,119,2,,0.505,0.818
117,House,21905,54,2,TN,200,,,"BURCHETT, Timothy",B001309,1964.0,,0.672,-0.293,-11.73083,0.90612,119,6,,0.624,-0.213
117,House,21926,54,7,TN,200,,,"GREEN, Mark",G000590,1964.0,,0.682,-0.036,-20.19295,0.83502,112,8,,0.574,-0.341
117,House,21959,54,6,TN,200,,,"ROSE, John",R000612,1965.0,,0.675,0.021,-11.67036,0.90659,119,6,,0.676,-0.155
117,House,22122,54,1,TN,200,,,"HARSHBARGER, Diana",H001086,,,0.629,-0.295,-13.94927,0.88939,119,6,,0.627,-0.297
117,House,20355,49,26,TX,200,,,"BURGESS, Michael C.",B001248,1950.0,,0.575,-0.202,-7.69357,0.93418,113,3,,0.632,0.775
117,House,20356,49,31,TX,200,,,"CARTER, John R.",C001051,1941.0,,0.472,0.598,-18.75137,0.85074,116,7,,0.523,0.027
117,House,20527,49,1,TX,200,,,"GOHMERT, Louie",G000552,1953.0,,0.628,-0.345,-15.00731,0.87354,111,7,,0.676,-0.527
117,House,20529,49,9,TX,100,,,"GREEN, Al",G000553,1947.0,,-0.439,0.309,-2.25528,0.98123,119,2,,-0.552,-0.235
117,House,20530,49,10,TX,200,,,"McCAUL, Michael T.",M001157,1962.0,,0.432,0.09,-9.76128,0.91929,116,4,,0.322,0.476
117,House,20533,49,28,TX,100,,,"CUELLAR, Henry",C001063,1955.0,,-0.228,0.622,-13.08043,0.89591,119,4,,-0.337,0.94
117,House,21360,49,14,TX,200,,,"WEBER, Randy",W000814,1953.0,,0.713,0.026,-5.42258,0.95509,118,1,,0.777,0.134
117,House,21362,49,20,TX,100,,,"CASTRO, Joaquin",C001091,1974.0,,-0.4,-0.024,-5.40059,0.95563,119,1,,-0.283,-0.745
117,House,21364,49,25,TX,200,,,"WILLIAMS, Roger",W000816,1949.0,,0.587,0.114,-4.60938,0.96137,117,2,,0.619,0.502
117,House,21365,49,33,TX,100,,,"VEASEY, Marc",V000131,1971.0,,-0.402,0.285,-1.3523,0.98851,117,0,,-0.299,0.097
117,House,21366,49,34,TX,100,,,"VELA, Filemon",V000132,1963.0,,-0.313,0.412,-1.66424,0.98551,114,1,,-0.298,0.095
117,House,21551,49,36,TX,200,,,"BABIN, Brian",B001291,1948.0,,0.702,0.099,-5.52493,0.95349,116,2,,0.712,0.285
117,House,21700,49,19,TX,200,,,"ARRINGTON, Jodey Cook",A000375,1972.0,,0.636,-0.076,-15.01352,0.87761,115,7,,0.659,-0.298
117,House,21722,49,15,TX,100,,,"GONZALEZ, Vicente Jr.",G000581,1967.0,,-0.384,0.669,-7.4744,0.9376,116,4,,-0.501,0.866
117,House,21758,49,27,TX,200,,,"CLOUD, Michael",C001115,1975.0,,0.664,-0.257,-9.9243,0.91999,119,2,,0.802,-0.144
117,House,21900,49,32,TX,100,,,"ALLRED, Colin",A000376,1983.0,,-0.437,0.594,-2.05733,0.98286,119,1,,-0.262,0.286
117,House,21911,49,2,TX,200,,,"CRENSHAW, Daniel",C001120,1984.0,,0.397,0.359,-6.74908,0.93996,109,4,,0.395,0.307
117,House,21917,49,16,TX,100,,,"ESCOBAR, Veronica",E000299,1969.0,,-0.397,-0.286,-3.4563,0.97113,118,1,,-0.584,-0.791
117,House,21919,49,7,TX,100,,,"FLETCHER, Elizabeth",F000468,1975.0,,-0.44,0.812,-2.47026,0.97911,117,1,,-0.3,0.098
117,House,21922,49,29,TX,100,,,"GARCIA, Sylvia",G000587,1950.0,,-0.745,0.531,-4.64459,0.9614,118,2,,-0.804,-0.238
117,House,21925,49,5,TX,200,,,"GOODEN, Lance",G000589,1982.0,,0.722,-0.031,-18.66338,0.85484,119,6,,0.676,-0.258
117,House,21961,49,21,TX,200,,,"ROY, Charles",R000614,1972.0,,0.8,-0.6,-11.71634,0.90471,117,6,,0.753,-0.658
117,House,21973,49,3,TX,200,,,"TAYLOR, Nicholas",T000479,1972.0,,0.544,-0.111,-13.79558,0.89054,119,6,,0.483,-0.09
117,House,21984,49,6,TX,200,,,"WRIGHT, Ron",W000827,1953.0,,0.711,-0.09,-0.27921,0.98025,14,0,,0.908,-0.418
117,House,22112,49,4,TX,200,,,"FALLON, Pat",F000246,1967.0,,0.759,0.385,-4.16778,0.9653,118,1,,0.758,0.386
117,House,22119,49,23,TX,200,,,"GONZALES, Tony",G000594,1980.0,,0.334,0.298,-8.29657,0.93266,119,2,,0.346,0.251
117,House,22125,49,13,TX,200,,,"JACKSON, Ronny",J000304,1967.0,,0.67,-0.105,-10.11954,0.91848,119,4,,0.669,-0.107
117,House,22143,49,22,TX,200,,,"NEHLS, Troy E.",N000026,1968.0,,0.49,0.495,-2.99972,0.97469,117,1,,0.44,0.657
117,House,22147,49,11,TX,200,,,"PFLUGER, August",P000048,,,0.688,0.726,-4.0552,0.9665,119,1,,0.683,0.73
117,House,22155,49,24,TX,200,,,"VAN DUYNE, Beth",V000134,1970.0,,0.437,0.4,-5.54344,0.95411,118,3,,0.473,0.282
117,House,29571,49,35,TX,100,,,"DOGGETT, Lloyd Alton, II",D000399,1946.0,,-0.402,-0.314,-1.67196,0.98593,118,1,,-0.29,-0.247
117,House,29573,49,18,TX,100,,,"JACKSON LEE, Sheila",J000032,1950.0,,-0.46,0.128,-1.44585,0.98772,117,0,,-0.552,-0.234
117,House,29759,49,17,TX,200,,,"SESSIONS, Pete",S000250,1955.0,,0.586,0.17,-10.75715,0.90995,114,3,,0.703,0.175
117,House,29760,49,8,TX,200,,,"BRADY, Kevin Patrick",B000755,1955.0,,0.523,0.219,-7.40978,0.90348,73,3,,0.48,-0.089
117,House,29762,49,12,TX,200,,,"GRANGER, Kay",G000377,1943.0,,0.398,0.24,-16.02966,0.85716,104,7,,0.577,-0.01
117,House,39305,49,30,TX,100,,,"JOHNSON, Eddie Bernice",J000126,1935.0,,-0.485,0.203,-1.5508,0.98683,117,1,,-0.288,-0.252
117,House,21367,67,2,UT,200,,,"STEWART, Chris",S001192,1960.0,,0.527,0.155,-8.90123,0.92674,117,4,,0.552,0.139
117,House,21755,67,3,UT,200,,,"CURTIS, John R.",C001114,1960.0,,0.53,0.024,-15.1506,0.87657,115,6,,0.359,0.247
117,House,22141,67,1,UT,200,,,"MOORE, Blake D.",M001213,1980.0,,0.324,0.514,-7.06411,0.94189,118,2,,0.332,0.48
117,House,22146,67,4,UT,200,,,"OWENS, Burgess",O000086,1951.0,,0.398,0.546,-3.72136,0.96921,119,1,,0.425,0.452
117,House,20750,6,1,VT,100,,,"WELCH, Peter",W000800,1947.0,,-0.41,-0.352,-0.8202,0.99301,117,0,,-0.553,-0.236
117,House,20756,40,1,VA,200,,,"WITTMAN, Robert J.",W000804,1959.0,,0.446,-0.017,-11.77325,0.90269,115,2,,0.441,0.126
117,House,20952,40,11,VA,100,,,"CONNOLLY, Gerald E. (Gerry)",C001078,1950.0,,-0.306,-0.014,-1.31209,0.98894,118,0,,-0.3,0.098
117,House,21191,40,9,VA,200,,,"GRIFFITH, H. Morgan",G000568,1958.0,,0.548,-0.431,-19.06267,0.85198,119,8,,0.496,-0.277
117,House,21554,40,8,VA,100,,,"BEYER, Donald Sternoff Jr.",B001292,1950.0,,-0.385,-0.04,-1.30472,0.9891,119,0,,-0.29,-0.247
117,House,21736,40,4,VA,100,,,"MCEACHIN, Aston Donald",M001200,1961.0,,-0.374,-0.076,-1.72727,0.98559,119,1,,-0.3,0.098
117,House,21908,40,6,VA,200,,,"CLINE, Benjamin",C001118,1972.0,,0.7,-0.16,-7.45677,0.93926,119,3,,0.703,0.126
117,House,21941,40,2,VA,100,,,"LURIA, Elaine",L000591,1975.0,,-0.185,0.4,-2.99313,0.97516,119,0,,-0.294,0.571
117,House,21966,40,7,VA,100,,,"SPANBERGER, Abigail",S001209,1979.0,,-0.173,0.454,-6.32632,0.9478,118,1,,-0.342,0.776
117,House,21983,40,10,VA,100,,,"WEXTON, Jennifer",W000825,1968.0,,-0.404,0.48,-1.97184,0.98357,119,1,,-0.262,0.286
117,House,22120,40,5,VA,200,,,"GOOD, Bob",G000595,1965.0,,0.822,-0.515,-9.97145,0.91897,118,4,,0.822,-0.517
117,House,39307,40,3,VA,100,,,"SCOTT, Robert C.",S000185,1947.0,,-0.45,0.016,-1.98065,0.98335,118,2,,-0.3,0.098
117,House,20145,73,2,WA,100,,,"LARSEN, Richard Ray (Rick)",L000560,1965.0,,-0.365,0.19,-2.36115,0.98019,118,1,,-0.612,0.239
117,House,20535,73,5,WA,200,,,"McMORRIS RODGERS, Cathy",M001159,1969.0,,0.425,0.116,-8.17428,0.93252,117,3,,0.328,0.355
117,House,21187,73,3,WA,200,,,"HERRERA BEUTLER, Jaime",H001056,1978.0,,0.356,-0.181,-14.72366,0.88362,119,6,,0.276,0.413
117,House,21368,73,6,WA,100,,,"KILMER, Derek",K000381,1974.0,,-0.31,-0.012,-1.33203,0.98887,119,1,,-0.29,-0.247
117,House,21556,73,4,WA,200,,,"NEWHOUSE, Daniel Milton",N000189,1955.0,,0.347,0.225,-17.4919,0.86114,117,8,,0.291,0.169
117,House,21726,73,7,WA,100,,,"JAYAPAL, Pramila",J000298,1965.0,,-0.699,-0.308,-3.6927,0.96945,119,2,,-0.382,-0.924
117,House,21962,73,8,WA,100,,,"SCHRIER, Kim",S001216,1968.0,,-0.349,0.472,-2.71484,0.97726,118,2,,-0.294,0.571
117,House,22153,73,10,WA,100,,,"STRICKLAND, Marilyn",S001159,1962.0,,-0.29,-0.246,-1.18301,0.99011,119,0,,-0.29,-0.247
117,House,29768,73,9,WA,100,,,"SMITH, Adam",S000510,1965.0,,-0.285,-0.161,-2.13412,0.98208,118,1,,-0.552,-0.235
117,House,31101,73,1,WA,100,,,"DelBENE, Suzan K.",D000617,1962.0,,-0.282,-0.228,-1.18948,0.99005,119,0,,-0.29,-0.247
117,House,21188,56,1,WV,200,,,"McKINLEY, David",M001180,1947.0,,0.299,0.184,-15.36677,0.87886,119,6,,0.276,0.078
117,House,21557,56,2,WV,200,,,"MOONEY, Alex X.",M001195,1971.0,,0.582,-0.289,-11.11453,0.90711,114,4,,0.613,-0.162
117,House,21946,56,3,WV,200,,,"MILLER, Carol",M001205,1950.0,,0.469,0.29,-7.56688,0.93789,118,2,,0.421,0.338
117,House,20537,25,4,WI,100,,,"MOORE, Gwendolynne S. (Gwen)",M001160,1951.0,,-0.528,-0.246,-8.899,0.92795,119,3,,-0.232,-0.278
117,House,21370,25,2,WI,100,,,"POCAN, Mark",P000607,1964.0,,-0.54,-0.543,-0.99711,0.99166,119,0,,-0.552,-0.235
117,House,21559,25,6,WI,200,,,"GROTHMAN, Glenn",G000576,1955.0,,0.606,-0.282,-22.1337,0.83028,119,10,,0.548,-0.4
117,House,21720,25,8,WI,200,,,"GALLAGHER, Michael",G000579,1984.0,,0.445,-0.065,-16.51837,0.87039,119,7,,0.435,-0.092
117,House,21970,25,1,WI,200,,,"STEIL, Bryan",S001213,1981.0,,0.417,-0.061,-13.71888,0.89111,119,5,,0.343,0.105
117,House,21989,25,7,WI,200,,,"TIFFANY, Thomas P.",T000165,1957.0,,0.61,-0.17,-9.44659,0.9155,107,4,,0.631,-0.087
117,House,22115,25,5,WI,200,,,"FITZGERALD, Scott",F000471,1963.0,,0.56,0.493,-3.90712,0.96743,118,2,,0.538,0.551
117,House,29769,25,3,WI,100,,,"KIND, Ron",K000188,1963.0,,-0.261,-0.081,-19.3747,0.84975,119,5,,-0.133,-0.053
117,House,21710,68,1,WY,200,,,"CHENEY, Liz",C001109,1966.0,,0.515,0.406,-22.36874,0.82324,115,8,,0.493,-0.074
